RANK,PLAYER,TEAM,GP,MIN,PTS,FGM,FGA,FG%,3PM,3PA,3P%,FTM,FTA,REB,AST,STL,BLK
1,Shai Gilgeous-Alexander,OKC,76,2598,2484,860,1656,51.9,163,435,37.5,601,669,379,486,131,77
2,Anthony Edwards,MIN,79,2871,2177,721,1612,44.7,320,811,39.5,415,496,450,359,91,51
3,Nikola Jokic,DEN,70,2571,2071,786,1364,57.6,138,331,41.7,361,451,892,716,127,45
4,Giannis Antetokounmpo,MIL,67,2289,2036,793,1319,60.1,14,63,22.2,436,707,798,433,58,78
5,Jayson Tatum,BOS,72,2624,1932,662,1465,45.2,250,728,34.3,358,440,623,431,76,38
6,Devin Booker,PHX,75,2795,1923,654,1420,46.1,183,551,33.2,432,483,305,529,67,16
7,Trae Young,ATL,76,2739,1841,566,1376,41.1,218,642,34,491,561,236,880,91,12
8,Tyler Herro,MIA,77,2725,1840,651,1378,47.2,251,670,37.5,287,327,399,424,69,17
9,Cade Cunningham,DET,70,2452,1830,684,1457,46.9,149,418,35.6,313,370,425,638,71,53
10,James Harden,LAC,79,2789,1802,531,1295,41,235,668,35.2,505,578,456,687,118,55
11,Karl-Anthony Towns,NYK,72,2517,1759,639,1215,52.6,142,338,42,339,409,920,222,71,50
12,Zach LaVine,SAC,74,2603,1724,625,1223,51.1,239,536,44.6,235,285,315,310,58,12
13,Jalen Green,HOU,82,2697,1723,608,1437,42.3,234,661,35.4,273,336,377,282,71,27
14,Stephen Curry,GSW,70,2252,1718,564,1258,44.8,311,784,39.7,279,299,310,421,80,30
15,DeMar DeRozan,SAC,77,2768,1710,624,1308,47.7,84,256,32.8,378,441,298,342,62,32
15,LeBron James,LAL,70,2444,1710,651,1270,51.3,149,396,37.6,259,331,546,575,70,39
17,Donovan Mitchell,CLE,71,2232,1701,585,1320,44.3,233,633,36.8,298,362,322,354,95,17
18,Jalen Brunson,NYK,65,2301,1690,585,1200,48.8,152,397,38.3,368,448,187,475,60,8
19,Kevin Durant,PHX,62,2265,1647,592,1124,52.7,160,372,43,303,361,374,263,50,77
20,Jaren Jackson Jr.,MEM,74,2207,1641,592,1213,48.8,146,389,37.5,311,398,417,148,92,113
21,Pascal Siakam,IND,78,2548,1578,613,1182,51.9,126,324,38.9,226,308,540,263,70,42
22,Darius Garland,CLE,75,2301,1544,554,1174,47.2,212,529,40.1,224,255,214,506,91,11
23,Coby White,CHI,74,2450,1509,508,1121,45.3,216,584,37,277,307,273,330,69,16
24,Jalen Williams,OKC,69,2237,1490,565,1168,48.4,124,340,36.5,236,299,369,354,111,46
25,Austin Reaves,LAL,73,2550,1475,477,1037,46,200,531,37.7,321,366,329,421,81,22
26,De'Aaron Fox,SAS,62,2241,1459,539,1163,46.3,118,381,31,263,318,298,392,91,25
27,Alperen Sengun,HOU,76,2395,1451,567,1143,49.6,21,90,23.3,296,428,786,372,84,61
28,Franz Wagner,ORL,60,2023,1449,537,1161,46.3,104,352,29.5,271,311,342,284,75,21
29,Damian Lillard,MIL,58,2093,1447,444,992,44.8,197,524,37.6,362,393,272,410,70,10
30,Mikal Bridges,NYK,82,3036,1444,592,1183,50,164,463,35.4,96,118,259,306,75,43
31,Jamal Murray,DEN,67,2418,1436,531,1121,47.4,156,397,39.3,218,246,261,403,91,33
32,Bam Adebayo,MIA,78,2674,1410,540,1113,48.5,79,221,35.7,251,328,749,337,98,53
33,Luka Doncic,LAL,50,1769,1408,461,1025,45,177,481,36.8,309,395,409,383,89,21
34,Jaylen Brown,BOS,63,2158,1398,518,1118,46.3,116,358,32.4,246,322,368,286,73,19
34,Michael Porter Jr.,DEN,77,2593,1398,528,1048,50.4,193,489,39.5,149,194,540,165,50,38
36,Jordan Poole,WAS,68,2001,1391,457,1057,43.2,235,622,37.8,242,274,203,303,86,27
37,Tyrese Maxey,PHI,52,1960,1369,477,1091,43.7,161,478,33.7,254,289,174,317,91,21
38,Tyrese Haliburton,IND,73,2450,1359,476,1006,47.3,218,562,38.8,189,222,258,673,105,49
39,Nikola Vucevic,CHI,73,2278,1349,550,1038,53,129,321,40.2,120,149,735,256,61,52
40,Anfernee Simons,POR,70,2292,1348,479,1125,42.6,215,593,36.3,175,194,189,337,60,5
41,Ivica Zubac,LAC,80,2624,1340,592,942,62.8,0,0,0,156,236,1010,214,55,90
42,Domantas Sabonis,SAC,70,2429,1337,527,893,59,65,156,41.7,218,289,972,423,48,26
43,Malik Beasley,DET,82,2283,1336,461,1071,43,319,766,41.6,95,140,214,139,73,5
44,Shaedon Sharpe,POR,72,2252,1335,499,1104,45.2,147,472,31.1,190,242,324,198,62,16
45,OG Anunoby,NYK,74,2706,1332,489,1027,47.6,171,460,37.2,183,226,358,164,110,65
46,Desmond Bane,ORL,69,2205,1327,493,1018,48.4,164,418,39.2,177,198,418,369,80,28
47,Evan Mobley,CLE,71,2167,1316,505,906,55.7,85,230,37,221,305,659,226,61,113
48,Norman Powell,LAC,60,1958,1306,457,945,48.4,179,428,41.8,213,265,190,125,73,9
49,Miles Bridges,CHA,64,2029,1300,469,1089,43.1,141,450,31.3,221,254,481,248,44,45
50,Julius Randle,MIN,69,2226,1288,455,939,48.5,108,314,34.4,270,335,487,323,47,16
51,Anthony Davis,DAL,51,1705,1261,470,910,51.6,35,124,28.2,286,369,590,181,59,110
52,Scottie Barnes,TOR,65,2134,1252,474,1063,44.6,76,280,27.1,228,302,502,378,93,63
53,Derrick White,BOS,76,2574,1248,424,959,44.2,265,691,38.4,135,161,341,361,72,80
54,Kyrie Irving,DAL,50,1804,1234,447,945,47.3,144,359,40.1,196,214,240,231,66,23
55,RJ Barrett,TOR,58,1869,1223,460,982,46.8,107,306,35,196,311,366,314,46,17
56,Deni Avdija,POR,72,2161,1219,402,844,47.6,125,342,36.5,290,372,522,281,71,35
57,Christian Braun,DEN,79,2675,1218,476,821,58,89,224,39.7,177,214,410,205,85,37
58,Paolo Banchero,ORL,46,1582,1191,412,911,45.2,87,272,32,280,385,345,219,36,28
59,Stephon Castle,SAS,81,2162,1190,423,988,42.8,95,333,28.5,249,344,297,332,74,22
60,LaMelo Ball,CHA,47,1505,1184,406,1003,40.5,179,528,33.9,193,229,232,346,54,13
61,CJ McCollum,NOP,56,1832,1183,444,1000,44.4,171,459,37.3,124,173,212,227,46,24
62,Collin Sexton,UTA,63,1758,1159,416,867,48,110,271,40.6,217,251,171,264,47,6
62,Ja Morant,MEM,50,1519,1159,404,889,45.4,88,285,30.9,263,319,205,364,61,12
64,Bennedict Mathurin,IND,72,2149,1156,391,853,45.8,98,288,34,276,332,383,136,47,24
65,Payton Pritchard,BOS,80,2271,1144,409,866,47.2,255,626,40.7,71,84,307,279,70,14
66,Naz Reid,MIN,80,2200,1138,426,923,46.2,175,462,37.9,111,143,480,181,58,72
67,Keyonte George,UTA,67,2108,1125,359,919,39.1,174,507,34.3,233,285,253,377,46,9
68,Trey Murphy III,NOP,53,1854,1124,381,839,45.4,158,438,36.1,204,230,268,188,56,39
69,Myles Turner,IND,72,2174,1120,390,811,48.1,156,394,39.6,184,238,471,111,54,144
70,Malik Monk,SAC,65,2054,1117,412,939,43.9,139,428,32.5,154,178,245,362,61,38
71,Victor Wembanyama,SAS,46,1527,1116,408,857,47.6,142,403,35.2,158,189,506,168,52,176
72,Jarrett Allen,CLE,82,2296,1103,452,640,70.6,0,5,0,199,277,798,158,77,73
73,Quentin Grimes,PHI,75,2013,1092,384,823,46.7,162,421,38.5,162,214,324,228,74,22
74,De'Andre Hunter,CLE,64,1740,1088,358,762,47,157,388,40.5,215,254,258,92,50,13
75,Andrew Wiggins,MIA,60,1842,1078,376,839,44.8,130,348,37.4,196,257,269,158,60,50
76,Dyson Daniels,ATL,76,2571,1073,455,923,49.3,80,235,34,83,140,449,333,229,55
77,Cameron Johnson,BKN,57,1800,1070,355,747,47.5,159,408,39,201,225,247,194,53,25
78,Dillon Brooks,HOU,75,2388,1053,384,895,42.9,186,469,39.7,99,121,275,128,60,16
79,Josh Hart,NYK,77,2897,1051,404,770,52.5,84,252,33.3,159,205,737,453,119,27
80,Brook Lopez,MIL,80,2546,1041,394,774,50.9,139,373,37.3,114,138,401,143,50,148
80,Devin Vassell,SAS,64,1983,1041,394,889,44.3,158,429,36.8,95,120,255,183,84,33
82,Josh Giddey,CHI,70,2117,1022,371,798,46.5,105,278,37.8,175,224,566,503,84,45
83,Harrison Barnes,SAS,82,2230,1011,347,683,50.8,156,360,43.3,161,199,310,136,39,14
84,Klay Thompson,DAL,72,1965,1005,361,877,41.2,216,553,39.1,67,74,246,145,50,30
85,Tobias Harris,DET,73,2305,1002,384,805,47.7,91,264,34.5,143,166,432,162,74,57
86,Jaden McDaniels,MIN,82,2614,1000,398,834,47.7,100,303,33,104,128,470,163,110,74
87,Russell Westbrook,DEN,75,2092,994,373,831,44.9,94,291,32.3,154,233,370,457,106,37
88,Onyeka Okongwu,ATL,74,2064,988,388,684,56.7,48,148,32.4,164,216,660,168,69,68
89,Dennis Schröder,DET,75,2105,980,336,827,40.6,127,371,34.2,181,216,198,404,66,12
90,Keldon Johnson,SAS,77,1838,979,371,770,48.2,87,274,31.8,150,194,371,125,49,22
91,Amen Thompson,HOU,69,2225,970,388,697,55.7,25,91,27.5,169,247,564,265,97,89
92,Jimmy Butler III,GSW,55,1746,964,301,597,50.4,32,104,30.8,330,392,296,298,77,18
92,Kyle Kuzma,MIL,65,1936,964,370,848,43.6,96,313,30.7,128,202,370,152,36,19
94,Keegan Murray,SAC,76,2610,942,364,820,44.4,154,449,34.3,60,72,507,109,61,69
94,Zaccharie Risacher,ATL,75,1843,942,357,779,45.8,122,344,35.5,106,149,268,92,52,37
96,Jalen Duren,DET,78,2034,918,378,546,69.2,0,0,0,162,242,807,209,54,89
97,Aaron Wiggins,OKC,76,1744,914,355,728,48.8,130,339,38.3,74,89,295,134,60,18
97,Naji Marshall,DAL,69,1919,914,362,712,50.8,60,218,27.5,130,160,328,208,70,11
99,Buddy Hield,GSW,82,1863,912,328,786,41.7,203,549,37,53,64,264,134,69,23
100,Kelly Oubre Jr.,PHI,60,2078,906,348,741,47,71,242,29.3,139,185,368,108,92,30
101,Bradley Beal,PHX,53,1702,902,345,694,49.7,102,264,38.6,110,137,177,195,58,28
102,Lauri Markkanen,UTA,47,1476,892,296,700,42.3,138,399,34.6,162,185,278,70,33,17
103,Toumani Camara,POR,78,2548,882,328,716,45.8,135,360,37.5,91,126,450,175,116,50
104,Ty Jerome,CLE,70,1392,878,319,618,51.6,111,253,43.9,129,148,173,237,78,3
105,Spencer Dinwiddie,DAL,79,2136,872,284,682,41.6,109,326,33.4,195,243,209,349,70,17
106,Alex Sarr,WAS,67,1814,869,326,828,39.4,105,341,30.8,112,165,435,161,44,101
107,Rudy Gobert,MIN,72,2388,866,341,510,66.9,0,0,0,184,273,785,127,56,104
108,Fred VanVleet,HOU,60,2111,844,287,759,37.8,159,461,34.5,111,137,221,333,94,25
108,Tim Hardaway Jr.,DET,77,2153,844,276,680,40.6,168,457,36.8,124,145,183,123,38,7
110,Jonas Valanciunas,SAC,81,1524,843,345,627,55,8,37,21.6,145,165,627,164,37,46
111,Keon Johnson,BKN,79,1925,839,303,779,38.9,126,401,31.4,107,139,297,175,82,30
112,Scoot Henderson,POR,66,1759,837,287,685,41.9,105,297,35.4,158,206,198,335,68,13
113,P.J. Washington,DAL,57,1835,836,301,665,45.3,91,239,38.1,143,198,442,131,63,60
114,Obi Toppin,IND,79,1545,833,317,599,52.9,110,301,36.5,89,114,318,128,46,28
115,Tyus Jones,PHX,81,2174,829,306,683,44.8,166,401,41.4,51,57,196,429,69,8
116,Gary Trent Jr.,MIL,74,1893,824,283,657,43.1,180,433,41.6,78,92,168,87,72,4
116,Jakob Poeltl,TOR,57,1686,824,363,579,62.7,1,3,33.3,97,144,547,158,66,71
118,Jaylen Wells,MEM,79,2044,823,287,676,42.5,138,392,35.2,111,135,268,135,44,8
119,Kristaps Porzingis,BOS,42,1210,818,277,574,48.3,103,250,41.2,161,199,284,87,31,63
120,Duncan Robinson,MIA,74,1786,817,290,663,43.7,190,483,39.3,47,53,167,176,40,6
121,Julian Champagnie,SAS,82,1932,815,276,665,41.5,178,480,37.1,85,94,318,111,61,35
122,Santi Aldama,MEM,65,1660,811,313,648,48.3,120,326,36.8,65,94,416,188,52,29
123,Bub Carrington,WAS,82,2458,807,300,748,40.1,138,407,33.9,69,85,341,364,54,21
124,Kawhi Leonard,LAC,37,1180,796,310,623,49.8,78,190,41.1,98,121,219,116,59,17
125,Georges Niang,ATL,79,1697,784,286,620,46.1,166,409,40.6,46,58,272,111,28,14
126,Derrick Jones Jr.,LAC,77,1873,781,310,589,52.6,78,219,35.6,83,118,263,60,79,33
127,Scotty Pippen Jr.,MEM,79,1683,779,285,594,48,87,219,39.7,122,171,259,347,103,30
128,Gradey Dick,TOR,54,1587,777,265,647,41,114,326,35,133,155,193,98,48,10
129,Caris LeVert,ATL,64,1596,776,280,599,46.7,106,284,37.3,110,155,203,215,57,33
130,Rui Hachimura,LAL,59,1869,775,293,576,50.9,102,247,41.3,87,113,295,83,45,26
131,Nickeil Alexander-Walker,MIN,82,2073,773,270,616,43.8,141,370,38.1,92,118,265,223,50,34
132,Brice Sensabaugh,UTA,71,1432,772,275,599,45.9,157,372,42.2,65,73,210,110,46,8
133,Kevin Porter Jr.,MIL,75,1482,771,293,652,44.9,55,177,31.1,130,169,278,256,81,13
134,Guerschon Yabusele,PHI,70,1895,768,282,563,50.1,104,274,38,100,138,395,148,58,24
135,John Collins,UTA,40,1221,758,280,531,52.7,59,148,39.9,139,164,327,80,39,40
136,Isaiah Joe,OKC,74,1604,756,259,588,44,192,466,41.2,46,56,196,119,48,9
137,Jalen Wilson,BKN,79,2031,749,246,620,39.7,122,362,33.7,135,165,270,145,40,5
137,Max Christie,DAL,78,2127,749,252,590,42.7,115,314,36.6,130,152,258,146,64,31
139,Aaron Gordon,DEN,51,1447,748,264,497,53.1,75,172,43.6,145,179,247,164,23,14
140,Brandin Podziemski,GSW,64,1716,747,280,629,44.5,115,309,37.2,72,95,325,220,69,13
141,Zion Williamson,NOP,30,857,737,288,508,56.7,3,13,23.1,158,241,216,159,37,27
142,Anthony Black,ORL,78,1887,736,262,620,42.3,62,195,31.8,150,197,230,240,86,48
143,D'Angelo Russell,BKN,58,1480,732,249,638,39,113,360,31.4,121,145,162,297,56,23
144,Bilal Coulibaly,WAS,59,1948,727,263,624,42.1,63,224,28.1,138,185,294,199,78,41
145,Moses Moody,GSW,74,1649,724,246,568,43.3,126,337,37.4,106,133,189,96,59,31
145,Nic Claxton,BKN,70,1882,724,320,568,56.3,5,21,23.8,79,154,515,157,62,100
147,Chris Paul,SAS,82,2292,723,249,583,42.7,140,371,37.7,85,92,296,605,103,22
147,Donte DiVincenzo,MIN,62,1606,723,250,593,42.2,174,438,39.7,49,63,228,225,73,17
149,T.J. McConnell,IND,79,1415,720,324,624,51.9,15,49,30.6,57,77,193,351,83,21
150,Jonathan Kuminga,GSW,47,1144,719,258,568,45.4,46,151,30.5,157,235,217,104,38,21
150,Luguentz Dort,OKC,71,2073,719,258,593,43.5,170,413,41.2,33,46,293,115,79,39
152,Dalton Knecht,LAL,78,1494,706,257,557,46.1,128,340,37.6,64,84,216,66,24,8
153,Corey Kispert,WAS,61,1602,705,255,565,45.1,120,330,36.4,75,88,181,103,26,14
154,Daniel Gafford,DAL,57,1226,701,283,403,70.2,0,0,0,135,196,388,80,23,102
155,Jabari Smith Jr.,HOU,57,1716,698,248,566,43.8,98,277,35.4,104,126,399,60,25,41
156,Amir Coffey,LAC,72,1748,696,240,510,47.1,101,247,40.9,115,129,161,77,40,7
157,Kyle Filipowski,UTA,72,1522,690,260,518,50.2,77,220,35,93,143,440,140,48,22
158,Matas Buzelis,CHI,80,1511,688,252,555,45.4,96,266,36.1,88,108,278,79,29,75
159,Jrue Holiday,BOS,62,1896,686,254,573,44.3,108,306,35.3,70,77,265,239,66,27
159,Tari Eason,HOU,57,1420,686,272,559,48.7,63,184,34.2,79,104,362,83,97,50
161,Kevin Huerter,CHI,69,1679,681,257,604,42.5,132,391,33.8,35,49,205,156,66,23
162,Bobby Portis,MIL,49,1244,680,277,595,46.6,65,178,36.5,61,73,411,104,35,26
162,Grayson Allen,PHX,64,1544,680,219,489,44.8,149,350,42.6,93,114,194,137,54,19
162,Jalen Johnson,ATL,36,1284,680,271,542,50,44,141,31.2,94,126,359,181,56,36
162,Royce O'Neale,PHX,75,1837,680,241,570,42.3,179,441,40.6,19,26,349,163,67,33
166,Terry Rozier,MIA,64,1658,679,248,635,39.1,91,308,29.5,92,108,238,167,37,14
167,Jerami Grant,POR,47,1524,677,214,574,37.3,108,296,36.5,141,166,163,101,41,46
168,Kentavious Caldwell-Pope,MEM,77,2279,673,239,544,43.9,113,330,34.2,82,95,169,136,99,34
169,Mark Williams,CHA,44,1171,671,270,447,60.4,0,4,0,131,163,447,109,32,54
170,Ochai Agbaji,TOR,64,1739,667,266,534,49.8,101,253,39.9,34,48,242,98,58,30
171,Keon Ellis,SAC,80,1948,666,227,464,48.9,139,321,43.3,73,86,212,120,121,63
172,Paul George,PHI,41,1334,665,245,570,43,96,268,35.8,79,97,219,178,75,20
172,Yves Missi,NOP,73,1956,665,269,492,54.7,0,1,0,127,204,601,99,37,98
174,Taurean Prince,MIL,80,2166,656,235,514,45.7,147,335,43.9,39,48,287,155,76,15
175,Andrew Nembhard,IND,65,1881,653,247,539,45.8,51,175,29.1,108,136,216,326,79,11
176,Walker Kessler,UTA,58,1740,641,278,419,66.3,6,34,17.6,79,152,707,97,36,138
177,Isaiah Hartenstein,OKC,57,1590,637,279,480,58.1,0,19,0,79,117,611,219,47,62
178,Ziaire Williams,BKN,63,1541,632,214,520,41.2,103,302,34.1,101,123,287,84,62,28
179,Cole Anthony,MEM,67,1234,630,230,543,42.4,77,218,35.3,93,113,204,191,45,32
180,Wendell Carter Jr.,ORL,68,1758,618,226,491,46,37,158,23.4,129,175,492,134,52,41
181,Jeremy Sochan,SAS,54,1364,617,251,469,53.5,28,91,30.8,87,125,352,128,45,27
182,Isaiah Collier,UTA,71,1839,615,234,555,42.2,42,169,24.9,105,154,235,446,66,16
183,Draymond Green,GSW,68,1983,613,216,509,42.4,80,246,32.5,101,147,414,383,99,70
184,Miles McBride,NYK,64,1593,611,222,547,40.6,115,312,36.9,52,64,161,187,67,17
185,Zach Edey,MEM,66,1416,610,251,433,58,18,52,34.6,90,127,548,65,36,85
186,Sam Hauser,BOS,71,1541,605,214,474,45.1,166,399,41.6,11,11,224,64,41,13
187,Jordan Hawkins,NOP,56,1320,604,207,556,37.2,110,332,33.1,80,98,158,66,30,23
188,Jordan Clarkson,UTA,37,962,600,201,493,40.8,84,232,36.2,114,143,118,138,31,9
189,Cam Thomas,BKN,25,781,599,199,454,43.8,68,195,34.9,133,151,83,94,15,2
190,Kel'el Ware,MIA,64,1422,595,257,464,55.4,35,111,31.5,46,67,473,60,39,71
191,Ausar Thompson,DET,59,1328,594,246,460,53.5,11,49,22.4,91,142,303,134,98,40
192,Nick Smith Jr.,CHA,60,1369,591,222,568,39.1,104,306,34,43,46,128,145,17,6
193,Kyshawn George,WAS,68,1802,590,203,546,37.2,114,354,32.2,70,93,285,169,68,50
194,Davion Mitchell,MIA,74,2027,588,223,476,46.8,84,211,39.8,58,84,167,363,72,16
194,Julian Strawther,DEN,65,1384,588,210,486,43.2,94,269,34.9,74,90,142,83,39,16
196,Bogdan Bogdanovic,LAC,54,1348,583,210,492,42.7,105,289,36.3,58,66,159,146,41,11
197,Mike Conley,MIN,71,1756,582,187,468,40,127,310,41,81,90,182,319,79,14
198,Jose Alvarado,NOP,56,1366,579,204,521,39.2,111,309,35.9,60,74,136,259,74,14
199,Deandre Ayton,POR,40,1206,576,265,468,56.6,6,32,18.8,40,60,406,64,31,39
199,Luke Kennard,MEM,65,1472,576,206,431,47.8,113,261,43.3,51,57,183,215,50,5
201,Johnny Juzang,UTA,64,1270,571,204,475,42.9,118,314,37.6,45,53,184,68,39,8
202,Jaime Jaquez Jr.,MIA,66,1368,570,213,462,46.1,37,119,31.1,107,142,290,166,61,14
203,Brandon Miller,CHA,27,924,568,198,491,40.3,104,293,35.5,68,79,131,98,29,20
203,Cason Wallace,OKC,68,1876,568,232,489,47.4,74,208,35.6,30,37,229,173,120,35
205,Jalen Suggs,ORL,35,1002,567,197,481,41,76,242,31.4,97,110,141,129,51,33
206,Ayo Dosunmu,CHI,46,1394,566,221,449,49.2,62,189,32.8,62,79,161,208,43,18
206,Patrick Williams,CHI,63,1576,566,205,516,39.7,96,272,35.3,60,83,237,124,48,32
208,Immanuel Quickley,TOR,33,918,564,184,438,42,85,225,37.8,111,128,117,191,23,4
209,Dalano Banton,POR,67,1120,559,198,507,39.1,72,222,32.4,91,125,135,160,43,34
210,Peyton Watson,DEN,68,1656,551,204,428,47.7,48,136,35.3,95,137,233,94,48,93
211,Dorian Finney-Smith,LAL,63,1819,549,195,435,44.8,129,314,41.1,30,45,247,90,58,23
212,Justin Champagnie,WAS,62,1341,544,210,411,51.1,74,193,38.3,50,73,351,60,65,39
213,Dejounte Murray,NOP,31,1012,542,194,494,39.3,52,174,29.9,102,124,200,228,63,12
214,AJ Green,MIL,73,1659,541,182,424,42.9,155,363,42.7,22,27,174,108,37,7
214,Aaron Nesmith,IND,45,1122,541,192,379,50.7,84,195,43.1,73,80,178,54,35,17
214,Jared Butler,PHI,60,1044,541,203,453,44.8,60,169,35.5,75,91,110,220,42,13
217,Al Horford,BOS,60,1659,538,195,461,42.3,114,314,36.3,34,38,369,128,36,51
218,Brandon Clarke,MEM,64,1207,534,236,380,62.1,1,17,5.9,61,87,326,66,52,36
219,Jamal Shead,TOR,75,1467,533,204,504,40.5,72,223,32.3,53,69,115,316,58,10
219,Tristan da Silva,ORL,74,1629,533,199,483,41.2,80,239,33.5,55,63,245,113,33,18
221,Ricky Council IV,PHI,73,1250,532,177,463,38.2,55,213,25.8,123,153,214,97,32,13
222,Nick Richards,PHX,57,1256,529,205,347,59.1,0,2,0,119,160,466,49,14,55
223,Jaden Ivey,DET,30,898,528,190,413,46,63,154,40.9,85,116,124,119,28,11
224,Jalen Smith,CHI,64,962,524,190,408,46.6,72,222,32.4,72,89,357,65,17,44
225,Tyrese Martin,BKN,60,1315,523,189,465,40.6,99,282,35.1,46,58,219,122,34,9
226,Ronald Holland II,DET,81,1266,522,197,416,47.4,36,151,23.8,92,122,218,82,49,17
227,Terance Mann,ATL,67,1414,517,205,413,49.6,60,163,36.8,47,68,199,121,47,15
228,Ryan Dunn,PHX,74,1410,511,205,477,43,82,264,31.1,19,39,267,57,44,40
229,Sam Merrill,CLE,71,1401,509,172,424,40.6,137,368,37.2,28,29,157,108,53,14
230,Josh Green,CHA,68,1888,506,180,421,42.8,97,248,39.1,49,72,172,108,74,15
231,Chris Boucher,TOR,50,862,502,182,370,49.2,70,193,36.3,68,87,224,33,24,25
231,Goga Bitadze,ORL,70,1429,502,207,339,61.1,3,28,10.7,85,133,463,137,49,98
233,Cameron Payne,NYK,72,1090,500,179,446,40.1,93,256,36.3,49,54,104,203,39,16
234,Jaden Hardy,DAL,57,907,496,180,414,43.5,76,197,38.6,60,86,89,81,28,5
235,Nikola Jovic,MIA,46,1156,494,172,377,45.6,78,210,37.1,72,87,180,131,38,13
236,Clint Capela,ATL,55,1176,488,218,390,55.9,0,1,0,52,97,469,62,34,53
237,Chet Holmgren,OKC,32,877,479,167,341,49,44,116,37.9,101,134,257,63,23,71
238,Haywood Highsmith,MIA,74,1818,478,179,391,45.8,89,233,38.2,31,43,252,112,68,37
239,Cam Whitmore,HOU,51,827,477,179,403,44.4,65,183,35.5,54,72,151,49,31,13
240,Kris Dunn,LAC,74,1783,474,192,437,43.9,75,224,33.5,15,22,251,210,128,27
241,Max Strus,CLE,50,1273,471,165,373,44.2,113,293,38.6,28,34,217,158,26,12
242,Jarace Walker,IND,75,1187,461,170,360,47.2,75,185,40.5,46,69,229,110,54,25
243,Gabe Vincent,LAL,72,1527,460,168,420,40,109,309,35.3,15,21,92,98,51,13
244,Jake LaRavia,SAC,66,1349,458,160,337,47.5,60,142,42.3,78,115,259,158,62,23
245,Jusuf Nurkic,CHA,51,1063,453,168,352,47.7,32,105,30.5,85,128,398,115,40,34
246,Joel Embiid,PHI,19,574,452,140,315,44.4,23,77,29.9,149,169,155,85,14,18
247,Trey Lyles,SAC,69,1350,451,157,374,42,81,238,34,56,80,316,82,41,23
248,Trendon Watford,BKN,44,913,450,164,350,46.9,29,88,33,93,122,160,115,27,12
249,Ja'Kobe Walter,TOR,52,1103,449,159,393,40.5,65,186,34.9,66,83,160,81,43,10
250,Brandon Boston,NOP,42,993,448,166,381,43.6,49,140,35,67,85,134,92,53,9
251,Simone Fontecchio,DET,75,1237,446,150,373,40.2,76,227,33.5,70,84,215,65,31,12
252,Justin Edwards,PHI,44,1155,445,172,378,45.5,69,190,36.3,32,46,148,69,45,16
253,Seth Curry,CHA,68,1062,444,164,343,47.8,83,182,45.6,33,39,113,60,27,7
254,Luke Kornet,BOS,73,1361,441,187,280,66.8,0,3,0,67,97,388,117,36,71
255,Khris Middleton,WAS,37,843,440,160,337,47.5,48,133,36.1,72,84,137,150,35,8
256,Jay Huff,MEM,64,748,439,157,305,51.5,81,200,40.5,44,56,129,38,16,56
257,Donovan Clingan,POR,67,1324,436,180,334,53.9,14,49,28.6,62,104,527,77,34,110
257,Kenrich Williams,OKC,69,1132,436,171,354,48.3,66,171,38.6,28,39,241,97,43,10
259,Isaiah Stewart,DET,72,1434,435,176,315,55.9,17,53,32.1,66,87,399,123,28,101
260,Thomas Bryant,IND,66,963,429,163,321,50.8,48,148,32.4,55,64,251,53,28,41
261,Noah Clowney,BKN,46,1042,420,133,372,35.8,87,261,33.3,67,80,181,40,24,21
262,Jamison Battle,TOR,59,1042,419,149,347,42.9,105,259,40.5,16,18,158,53,17,10
263,Jeremiah Robinson-Earl,NOP,66,1239,418,158,347,45.5,56,164,34.1,46,55,315,88,39,7
264,Vít Krejcí,ATL,57,1153,412,145,292,49.7,90,206,43.7,32,45,156,147,36,26
265,Trayce Jackson-Davis,GSW,62,967,407,174,302,57.6,0,3,0,59,102,311,104,23,38
265,Zach Collins,CHI,64,977,407,153,302,50.7,32,106,30.2,69,78,288,111,29,29
267,Moussa Diabaté,CHA,71,1241,403,167,280,59.6,0,6,0,69,116,438,56,46,40
268,Brandon Ingram,TOR,18,595,400,155,333,46.5,43,115,37.4,47,55,100,93,16,11
268,Gary Payton II,GSW,62,927,400,171,298,57.4,31,95,32.6,27,38,185,83,52,17
270,Day'Ron Sharpe,BKN,50,907,397,165,317,52.1,11,45,24.4,56,74,330,91,41,42
271,Jonathan Mogbo,TOR,63,1286,389,156,356,43.8,17,70,24.3,60,82,311,146,55,34
272,Moritz Wagner,ORL,30,564,386,140,249,56.2,27,75,36,79,110,148,42,24,12
273,Sandro Mamukelashvili,SAS,61,681,385,141,281,50.2,60,161,37.3,43,58,187,48,22,17
274,Kelly Olynyk,NOP,44,891,384,134,268,50,33,79,41.8,83,108,206,128,33,19
275,Jaxson Hayes,LAL,56,1093,383,161,223,72.2,0,3,0,61,98,269,58,31,51
276,Alex Caruso,OKC,54,1041,382,140,314,44.6,60,170,35.3,42,51,159,137,87,30
277,Jonathan Isaac,ORL,71,1090,380,134,324,41.4,39,151,25.8,73,107,314,40,61,80
278,Precious Achiuwa,NYK,57,1170,379,164,327,50.2,10,36,27.8,41,69,317,55,47,42
278,Talen Horton-Tucker,CHI,58,724,379,133,291,45.7,41,122,33.6,72,98,100,83,21,11
280,Marcus Sasser,DET,57,811,375,137,296,46.3,58,152,38.2,43,51,69,133,37,4
281,Julian Phillips,CHI,79,1123,366,128,287,44.6,50,153,32.7,60,76,169,39,38,20
282,Cody Martin,PHX,53,1173,358,136,325,41.8,43,151,28.5,43,61,224,105,56,32
283,Kyle Anderson,MIA,61,1002,357,142,303,46.9,25,70,35.7,48,65,206,145,40,33
284,Alec Burks,MIA,49,864,356,115,271,42.4,88,207,42.5,38,49,124,55,28,7
284,Caleb Martin,DAL,45,1218,356,129,304,42.4,37,103,35.9,61,98,177,95,46,23
286,Garrison Mathews,ATL,47,830,353,102,257,39.7,85,218,39,64,78,87,60,26,15
286,Tidjane Salaün,CHA,60,1244,353,114,345,33,58,205,28.3,67,94,280,74,29,14
288,Jared McCain,PHI,23,592,352,126,274,46,51,133,38.3,49,56,56,60,15,0
289,Ryan Rollins,MIL,56,820,349,132,271,48.7,49,120,40.8,36,45,108,104,42,17
290,Javonte Green,CLE,68,1258,347,123,287,42.9,46,141,32.6,55,76,218,56,65,31
291,Kevon Looney,GSW,76,1142,344,143,278,51.4,2,5,40,56,99,462,118,46,37
292,Aaron Holiday,HOU,62,792,340,117,268,43.7,72,181,39.8,34,41,78,83,19,11
292,Bruce Brown,NOP,41,922,340,130,309,42.1,27,81,33.3,53,65,164,84,34,10
292,Quinten Post,GSW,42,686,340,123,274,44.9,73,179,40.8,21,27,148,56,16,18
295,Adem Bona,PHI,58,905,337,135,192,70.3,0,1,0,67,100,245,27,26,69
295,Isaac Okoro,CLE,55,1053,337,124,267,46.4,56,151,37.1,33,46,130,68,32,16
297,Svi Mykhailiuk,UTA,38,760,334,118,302,39.1,70,203,34.5,28,35,90,76,19,7
298,Mason Plumlee,PHX,74,1300,333,125,202,61.9,0,4,0,83,128,455,134,33,47
299,Ben Sheppard,IND,63,1230,332,120,287,41.8,68,199,34.2,24,27,177,85,38,14
300,Tre Jones,CHI,46,905,330,128,238,53.8,19,48,39.6,55,67,116,192,37,10
300,Tristan Vukcevic,WAS,35,513,330,120,242,49.6,38,102,37.3,52,67,130,39,11,23
302,Dalen Terry,CHI,73,987,326,120,268,44.8,37,104,35.6,49,69,124,97,44,15
303,Karlo Matkovic,NOP,42,791,325,135,235,57.4,21,66,31.8,34,44,209,46,22,41
304,Dean Wade,CLE,59,1253,320,112,271,41.3,80,222,36,16,30,249,76,42,20
305,DaQuan Jeffries,CHA,47,1071,315,118,291,40.5,55,164,33.5,24,30,135,53,26,25
305,Shake Milton,LAL,57,836,315,115,254,45.3,38,106,35.8,47,59,104,102,25,4
307,Dereck Lively II,DAL,36,833,314,134,191,70.2,0,0,0,46,73,270,85,20,56
308,Jabari Walker,POR,60,749,313,118,229,51.5,28,72,38.9,49,71,211,37,33,6
308,Nicolas Batum,LAC,78,1367,313,104,238,43.7,88,203,43.3,17,21,218,84,52,36
310,Neemias Queta,BOS,62,863,310,132,203,65,0,3,0,46,61,236,45,18,42
311,Antonio Reeves,NOP,44,660,305,113,248,45.6,51,129,39.5,28,35,63,39,21,4
311,Malcolm Brogdon,WAS,24,564,305,104,240,43.3,16,56,28.6,81,92,91,98,13,5
311,Marcus Smart,WAS,34,680,305,101,257,39.3,49,141,34.8,54,71,72,109,39,9
314,Orlando Robinson,TOR,44,770,303,116,261,44.4,17,52,32.7,54,70,220,77,17,16
315,Andre Drummond,PHI,40,751,293,117,234,50,3,20,15,56,90,310,34,39,18
316,Kris Murray,POR,69,1040,287,117,279,41.9,27,120,22.5,26,57,182,68,35,17
317,Landry Shamet,NYK,50,762,286,106,230,46.1,62,156,39.7,12,18,61,27,23,2
318,Jeff Dowtin Jr.,PHI,41,621,285,112,230,48.7,28,70,40,33,45,60,78,24,12
319,Josh Okogie,CHA,40,625,283,94,212,44.3,32,92,34.8,63,85,113,33,48,19
320,KJ Simpson,CHA,36,842,282,104,301,34.6,33,130,25.4,41,50,109,112,34,6
321,Drew Eubanks,LAC,61,746,280,115,194,59.3,3,6,50,47,71,226,54,12,39
322,Jaylin Williams,OKC,47,784,278,97,221,43.9,61,153,39.9,23,30,262,120,22,29
323,Brandon Williams,DAL,33,487,275,98,188,52.1,24,60,40,55,66,58,76,24,5
324,KJ Martin,UTA,43,912,274,111,201,55.2,15,58,25.9,37,47,125,48,17,22
325,Vasilije Micic,PHX,41,785,269,95,273,34.8,45,125,36,34,41,89,128,15,0
326,Jett Howard,ORL,60,701,267,98,262,37.4,55,186,29.6,16,23,70,44,13,11
326,Lonzo Ball,CHI,35,777,267,89,243,36.6,67,195,34.4,22,27,118,115,47,17
326,Tosan Evbuomwan,BKN,28,665,267,94,220,42.7,24,77,31.2,55,73,120,55,24,10
329,Eric Gordon,PHI,39,769,266,87,204,42.6,56,137,40.9,36,48,46,65,26,12
330,Ben Simmons,LAC,51,1120,256,116,223,52,0,0,0,24,33,241,285,38,23
330,Lindy Waters III,DET,52,778,256,92,249,36.9,64,186,34.4,8,11,110,52,27,11
332,Oso Ighodaro,PHX,61,1046,255,113,187,60.4,0,2,0,29,50,222,71,28,29
333,Pelle Larsson,MIA,55,782,251,89,203,43.8,32,95,33.7,41,61,92,65,32,7
334,Lonnie Walker IV,PHI,20,477,247,89,212,42,45,127,35.4,24,30,63,50,10,5
335,Bol Bol,PHX,36,448,244,96,183,52.5,32,93,34.4,20,26,104,22,9,25
336,Caleb Houstan,ORL,58,788,239,80,190,42.1,64,160,40,15,17,75,35,22,6
337,A.J. Lawson,TOR,26,486,236,80,190,42.1,33,101,32.7,43,63,86,31,13,6
338,Malaki Branham,SAS,47,427,235,87,190,45.8,34,84,40.5,27,33,51,38,11,2
339,Ajay Mitchell,OKC,36,597,234,91,184,49.5,23,60,38.3,29,35,68,64,25,4
340,Monte Morris,PHX,45,571,233,83,195,42.6,31,86,36,36,42,67,73,20,3
341,Andre Jackson Jr.,MIL,67,980,230,94,197,47.7,30,76,39.5,12,24,182,83,34,14
341,Cody Williams,UTA,50,1060,230,83,257,32.3,35,135,25.9,29,40,113,59,23,16
341,Richaun Holmes,WAS,31,534,230,90,139,64.7,0,3,0,50,60,177,42,9,23
344,Reed Sheppard,HOU,52,654,229,84,239,35.1,48,142,33.8,13,16,78,75,35,17
345,Gui Santos,GSW,56,762,227,82,179,45.8,34,103,33,29,42,172,80,25,10
346,Steven Adams,HOU,58,794,225,91,167,54.5,0,2,0,43,93,327,66,22,28
347,AJ Johnson,WAS,29,638,220,82,213,38.5,24,90,26.7,32,37,59,76,12,3
348,Rob Dillingham,MIN,49,516,219,93,211,44.1,25,74,33.8,8,15,50,98,20,1
349,Blake Wesley,SAS,58,683,217,81,186,43.5,17,58,29.3,38,61,61,114,37,6
350,Pat Connaughton,MIL,41,603,216,83,177,46.9,26,81,32.1,24,31,109,70,9,11
351,DeAndre Jordan,DEN,56,691,209,91,140,65,0,0,0,27,64,284,53,16,27
351,GG Jackson,MEM,29,459,209,74,199,37.2,32,95,33.7,29,40,92,29,12,5
353,Herbert Jones,NOP,20,648,205,75,172,43.6,22,72,30.6,33,40,78,65,37,9
354,Larry Nance Jr.,ATL,24,463,203,80,155,51.6,34,76,44.7,9,13,103,38,20,13
355,Olivier-Maxence Prosper,DAL,52,584,201,70,174,40.2,12,51,23.5,49,76,126,40,26,6
356,Jalen Pickett,DEN,49,666,200,77,180,42.8,40,101,39.6,6,8,71,107,19,5
356,Jock Landale,HOU,42,500,200,81,152,53.3,11,26,42.3,27,40,137,37,13,10
358,Kai Jones,DAL,40,468,198,87,109,79.8,1,5,20,23,32,125,25,15,23
359,Mouhamed Gueye,ATL,33,533,197,72,171,42.1,21,81,25.9,32,42,139,27,28,33
360,Jamal Cain,NOP,37,502,196,68,158,43,26,80,32.5,34,50,85,22,23,9
361,Collin Gillespie,PHX,33,461,194,68,158,43,39,90,43.3,19,22,78,78,21,5
361,Duop Reath,POR,46,469,194,70,166,42.2,34,106,32.1,20,22,92,26,12,14
363,Craig Porter Jr.,CLE,51,513,188,72,140,51.4,21,48,43.8,23,32,67,71,17,15
363,Jae'Sean Tate,HOU,52,588,188,70,148,47.3,16,46,34.8,32,47,117,47,26,7
365,Paul Reed,DET,45,438,184,72,142,50.7,8,28,28.6,32,42,123,44,39,25
365,Zeke Nnaji,DEN,57,608,184,70,141,49.6,17,52,32.7,27,44,90,23,25,38
367,Tre Mann,CHA,13,319,183,70,161,43.5,24,60,40,19,21,38,39,7,4
368,Vince Williams Jr.,MEM,27,499,179,67,167,40.1,26,95,27.4,19,24,98,55,12,7
369,Cory Joseph,ORL,50,612,177,62,154,40.3,39,107,36.4,14,18,74,72,26,4
370,Dante Exum,DAL,20,372,174,64,134,47.8,23,53,43.4,23,31,33,56,12,3
371,Jeff Green,HOU,32,396,172,61,121,50.4,29,79,36.7,21,26,58,20,6,4
372,Keaton Wallace,ATL,31,501,168,65,162,40.1,27,82,32.9,11,11,50,81,28,9
372,Kessler Edwards,DAL,40,608,168,67,135,49.6,22,54,40.7,12,13,115,42,19,20
374,Jaylon Tyson,CLE,47,453,167,64,149,43,20,58,34.5,19,24,96,44,13,3
375,Grant Williams,CHA,16,479,166,54,123,43.9,27,74,36.5,31,37,82,37,18,13
376,Jaylen Clark,MIN,40,522,163,56,120,46.7,22,51,43.1,29,37,53,26,36,2
377,Daniel Theis,NOP,38,621,162,61,129,47.3,9,37,24.3,31,37,164,60,18,20
377,Micah Potter,UTA,38,705,162,57,135,42.2,31,98,31.6,17,20,164,31,14,14
377,Quenton Jackson,IND,28,381,162,58,122,47.5,15,40,37.5,31,40,44,53,21,5
380,Jordan Goodwin,LAL,29,543,161,63,144,43.8,26,68,38.2,9,11,112,42,30,11
381,Charles Bassey,SAS,36,376,157,68,117,58.1,0,0,0,21,33,152,17,14,30
381,Colby Jones,WAS,39,515,157,59,129,45.7,16,49,32.7,23,35,87,44,26,13
383,Rayan Rupert,POR,52,460,155,58,142,40.8,16,59,27.1,23,30,70,25,16,4
384,David Roddy,HOU,33,410,153,57,125,45.6,19,61,31.1,20,26,84,35,14,9
384,Jevon Carter,CHI,36,321,153,55,146,37.7,35,105,33.3,8,10,39,40,13,3
386,Jordan Miller,LAC,37,420,152,58,134,43.3,8,38,21.1,28,35,58,34,17,5
386,Trevelin Queen,ORL,31,430,152,56,147,38.1,22,77,28.6,18,21,54,38,31,10
388,Wendell Moore Jr.,CHA,36,499,150,59,126,46.8,14,41,34.1,18,22,95,42,20,5
389,Bones Hyland,MIN,24,239,149,47,118,39.8,32,82,39,23,26,25,32,18,4
390,Dominick Barlow,ATL,35,375,148,60,113,53.1,7,27,25.9,21,33,85,19,9,16
391,Doug McDermott,SAC,42,342,147,50,117,42.7,44,101,43.6,3,5,22,7,4,2
391,Jarred Vanderbilt,LAL,36,581,147,59,121,48.8,9,32,28.1,20,36,182,41,35,10
393,Gary Harris,ORL,48,711,145,51,133,38.3,36,101,35.6,7,12,64,30,26,12
394,Bismack Biyombo,SAS,28,528,144,67,114,58.8,0,0,0,10,25,158,31,16,23
395,Keion Brooks Jr.,NOP,14,332,142,53,109,48.6,14,43,32.6,22,30,58,13,10,10
395,Ousmane Dieng,OKC,37,405,142,54,125,43.2,23,71,32.4,11,16,81,31,17,7
397,Devin Carter,SAC,36,396,138,47,127,37,18,61,29.5,26,44,76,41,21,4
397,Kyle Lowry,PHI,35,659,138,41,117,35,29,88,33,27,33,67,96,33,11
397,Luka Garza,MIN,39,219,138,52,105,49.5,10,36,27.8,24,35,54,11,6,3
397,Mo Bamba,NOP,32,413,138,52,112,46.4,15,54,27.8,19,27,145,18,9,31
397,Terrence Shannon Jr.,MIN,32,339,138,55,114,48.2,11,31,35.5,17,21,47,32,7,5
402,Marvin Bagley III,MEM,31,265,136,55,106,51.9,3,19,15.8,23,35,84,11,9,8
402,Reggie Jackson,PHI,31,384,136,52,133,39.1,25,74,33.8,7,9,42,45,16,3
404,Dillon Jones,OKC,54,552,135,51,133,38.3,16,63,25.4,17,28,121,58,16,4
405,Hunter Tyson,DEN,51,400,134,45,120,37.5,23,74,31.1,21,28,78,20,10,6
405,Isaac Jones,SAC,40,304,134,54,83,65.1,3,8,37.5,23,36,57,12,5,10
407,Anthony Gill,WAS,51,398,129,43,88,48.9,10,31,32.3,33,50,66,16,9,2
408,Delon Wright,NYK,40,635,125,45,131,34.4,20,73,27.4,15,25,66,77,35,12
409,Colin Castleton,TOR,26,432,123,46,98,46.9,2,16,12.5,29,38,122,28,8,10
410,Branden Carlson,OKC,32,246,122,43,97,44.3,22,66,33.3,14,18,54,14,5,21
410,Kevin Love,MIA,23,251,122,41,115,35.7,24,67,35.8,16,23,94,22,15,4
412,Isaiah Wong,CHA,20,266,120,41,105,39,13,33,39.4,25,34,32,28,11,0
413,Josh Minott,MIN,46,276,119,44,90,48.9,14,43,32.6,17,19,47,18,15,12
414,Jared Rhoden,TOR,14,226,118,42,87,48.3,12,39,30.8,22,25,42,16,10,2
415,Maxwell Lewis,BKN,28,328,116,45,108,41.7,19,50,38,7,10,55,19,9,7
415,Robert Williams III,POR,20,351,116,50,78,64.1,1,3,33.3,15,17,118,21,13,33
417,Dariq Whitehead,BKN,20,246,114,39,96,40.6,33,74,44.6,3,5,29,12,6,1
417,Dwight Powell,DAL,55,551,114,42,61,68.9,2,5,40,28,43,118,55,18,21
419,Baylor Scheierman,BOS,31,384,113,39,110,35.5,26,82,31.7,9,12,65,33,17,2
420,John Konchar,MEM,46,558,112,41,91,45.1,23,62,37.1,7,8,151,42,30,14
420,Matisse Thybulle,POR,15,312,112,42,88,47.7,21,48,43.8,7,15,52,28,33,9
422,Patty Mills,LAC,29,321,111,36,96,37.5,26,75,34.7,13,14,22,26,13,3
423,Damion Baugh,CHA,15,370,109,42,130,32.3,12,56,21.4,13,15,50,56,15,2
423,Drew Timme,BKN,9,254,109,45,102,44.1,9,35,25.7,10,16,65,20,4,1
423,Jaden Springer,UTA,43,365,109,35,90,38.9,12,48,25,27,38,58,33,24,4
426,Torrey Craig,BOS,26,314,108,38,90,42.2,24,66,36.4,8,12,73,17,8,12
427,Oscar Tshiebwe,UTA,14,255,107,42,70,60,0,0,0,23,31,122,9,13,1
427,Taj Gibson,CHA,37,409,107,47,95,49.5,1,2,50,12,20,120,21,9,18
429,Cam Spencer,MEM,25,252,106,34,82,41.5,19,52,36.5,19,19,30,34,9,1
429,Jalen Hood-Schifino,PHI,15,315,106,37,98,37.8,14,46,30.4,18,21,27,37,5,7
431,Cam Reddish,LAL,33,589,105,38,94,40.4,13,47,27.7,16,26,66,22,33,10
432,Johnny Furphy,IND,50,379,103,35,92,38,15,50,30,18,22,71,19,18,11
432,Maxi Kleber,LAL,34,637,103,37,96,38.5,13,49,26.5,16,21,95,43,9,17
434,Jericho Sims,MIL,53,631,98,45,71,63.4,0,0,0,8,13,197,33,10,19
434,Jordan McLaughlin,SAS,46,314,98,31,72,43.1,19,46,41.3,17,22,30,51,16,1
434,Pat Spencer,GSW,39,250,98,41,101,40.6,5,22,22.7,11,15,46,48,14,3
437,Trey Jemison III,LAL,38,392,95,41,74,55.4,0,0,0,13,33,105,16,9,15
438,Reece Beekman,BKN,36,469,93,35,107,32.7,7,40,17.5,16,21,39,63,33,2
439,Christian Koloko,LAL,37,342,90,40,66,60.6,0,4,0,10,14,92,16,8,16
440,Dru Smith,MIA,14,268,87,31,61,50.8,16,30,53.3,9,12,36,23,21,6
440,Mitchell Robinson,NYK,17,290,87,37,56,66.1,0,0,0,13,19,101,13,16,18
442,Lester Quinones,NOP,13,183,86,31,78,39.7,13,44,29.5,11,13,19,24,3,2
443,Elfrid Payton,NOP,24,511,85,40,122,32.8,1,6,16.7,4,7,79,166,24,11
444,Damion Lee,PHX,25,144,83,27,74,36.5,9,37,24.3,20,21,20,11,6,0
445,Jordan Walsh,BOS,52,403,82,30,83,36.1,15,55,27.3,7,12,69,19,12,11
446,Tyler Kolek,NYK,41,296,81,27,82,32.9,14,47,29.8,13,17,27,70,12,4
447,Johnny Davis,WAS,34,242,80,32,78,41,7,29,24.1,9,15,38,11,15,6
448,MarJon Beauchamp,NYK,35,156,79,27,65,41.5,10,29,34.5,15,20,44,11,4,1
449,Jaylen Martin,WAS,16,239,78,31,74,41.9,7,23,30.4,9,10,44,17,9,0
450,Kobe Brown,LAC,40,272,77,33,72,45.8,6,26,23.1,5,7,65,24,7,4
451,Alex Reese,PHI,15,216,76,26,54,48.1,15,41,36.6,9,12,47,4,10,10
451,Moses Brown,DAL,13,119,76,34,49,69.4,0,0,0,8,11,44,2,6,4
453,Alex Len,LAL,46,380,74,32,63,50.8,2,9,22.2,8,17,95,38,9,21
453,Lamar Stevens,MEM,17,156,74,29,63,46,8,27,29.6,8,11,38,8,5,3
455,JT Thor,WAS,20,249,71,25,59,42.4,6,21,28.6,15,22,48,6,8,9
456,Tristan Thompson,CLE,40,328,69,31,71,43.7,0,3,0,7,30,134,24,2,11
457,Jaylen Nowell,WAS,8,168,67,26,73,35.6,8,27,29.6,7,11,20,18,1,4
457,Marcus Bagley,PHI,10,253,67,27,69,39.1,5,32,15.6,8,10,70,10,9,12
457,Tyler Smith,MIL,23,122,67,24,50,48,13,30,43.3,6,8,25,4,3,4
460,Adam Flagler,OKC,37,203,65,25,96,26,14,72,19.4,1,2,27,12,8,3
460,Nate Williams,HOU,20,147,65,27,62,43.5,6,26,23.1,5,8,13,9,8,4
462,Bronny James,LAL,27,181,62,21,67,31.3,9,32,28.1,11,14,18,22,9,3
462,De'Anthony Melton,BKN,6,121,62,22,54,40.7,13,35,37.1,5,8,20,17,7,2
464,Markelle Fultz,SAC,21,184,61,28,67,41.8,4,8,50,1,1,20,27,10,2
464,Tony Bradley,IND,14,113,61,29,45,64.4,1,3,33.3,2,6,42,6,2,9
466,Cole Swider,IND,10,170,59,22,63,34.9,15,47,31.9,0,1,27,3,4,2
467,Bruno Fernando,TOR,17,147,58,26,49,53.1,0,0,0,6,8,51,18,4,9
468,Dario Saric,DEN,16,210,56,21,58,36.2,7,26,26.9,7,10,50,23,7,1
468,Markieff Morris,LAL,15,164,56,21,70,30,9,36,25,5,6,23,21,2,3
470,Tyson Etienne,BKN,7,151,55,17,52,32.7,13,44,29.5,8,10,9,12,3,1
471,Drew Peterson,BOS,25,186,54,17,41,41.5,13,33,39.4,7,9,40,13,5,2
471,Killian Hayes,BKN,6,162,54,18,43,41.9,8,21,38.1,10,12,18,31,4,4
473,Chuma Okeke,CLE,9,197,53,20,40,50,11,28,39.3,2,3,47,15,5,4
473,Garrett Temple,TOR,28,227,53,18,60,30,6,28,21.4,11,12,29,31,17,2
473,Kobe Bufkin,ATL,10,124,53,18,47,38.3,4,19,21.1,13,18,21,17,3,2
473,Patrick Baldwin Jr.,LAC,24,107,53,19,35,54.3,13,23,56.5,2,4,25,3,3,2
477,Oshae Brissett,PHI,6,142,52,19,39,48.7,6,18,33.3,8,14,22,4,4,3
478,Ariel Hukporti,NYK,25,217,48,21,31,67.7,0,0,0,6,13,51,11,1,15
479,Enrique Freeman,IND,22,181,46,16,37,43.2,1,10,10,13,19,30,9,3,3
479,Kevin Knox II,GSW,14,84,46,18,36,50,4,15,26.7,6,8,17,5,2,4
481,Daeqwon Plowden,ATL,6,72,43,16,25,64,9,17,52.9,2,2,11,2,0,0
481,Keshad Johnson,MIA,16,98,43,18,26,69.2,3,7,42.9,4,9,28,4,5,4
483,Jaylen Sims,CHA,6,112,42,12,28,42.9,6,15,40,12,15,6,12,3,1
484,Pete Nance,MIL,13,138,38,14,32,43.8,9,24,37.5,1,2,21,10,2,2
485,Emoni Bates,CLE,10,75,37,13,38,34.2,11,30,36.7,0,0,7,8,1,1
486,Alex Ducas,OKC,21,125,36,12,30,40,10,21,47.6,2,2,26,5,5,0
486,Chris Duarte,CHI,17,74,36,12,26,46.2,6,15,40,6,8,20,9,0,0
486,Nae'Qwan Tomlin,CLE,5,63,36,13,32,40.6,2,10,20,8,11,21,2,0,1
486,Yuki Kawamura,MEM,22,93,36,11,30,36.7,7,23,30.4,7,9,12,19,2,0
490,Isaiah Jackson,IND,5,84,35,14,23,60.9,0,0,0,7,14,28,5,3,8
490,TyTy Washington Jr.,PHX,16,118,35,14,45,31.1,4,21,19,3,6,13,16,3,0
492,Kylor Kelley,LAL,11,126,34,14,22,63.6,0,0,0,6,10,39,5,1,3
492,Xavier Tillman,BOS,33,231,34,13,53,24.5,5,32,15.6,3,4,43,7,11,5
494,JD Davison,BOS,16,93,33,12,34,35.3,4,18,22.2,5,7,13,13,5,1
494,PJ Hall,DEN,19,66,33,14,24,58.3,2,8,25,3,4,22,4,0,4
496,Elijah Harkless,UTA,10,138,32,11,35,31.4,7,25,28,3,6,21,8,10,1
496,Josh Richardson,MIA,8,149,32,11,38,28.9,6,22,27.3,4,4,12,12,8,1
496,Sidy Cissoko,POR,22,114,32,13,30,43.3,3,13,23.1,3,9,21,15,2,1
496,Trey Alexander,DEN,24,117,32,13,41,31.7,3,17,17.6,3,4,12,11,2,1
500,Chris Livingston,MIL,21,106,30,9,27,33.3,0,8,0,12,16,35,5,5,0
500,Pacôme Dadiet,NYK,18,111,30,10,31,32.3,6,19,31.6,4,6,18,5,3,2
500,RayJ Dennis,IND,11,70,30,11,33,33.3,6,21,28.6,2,2,12,14,7,2
503,Josh Christopher,MIA,14,69,28,11,31,35.5,2,11,18.2,4,6,9,8,5,3
503,Marcus Garrett,CHA,4,79,28,11,27,40.7,3,8,37.5,3,4,6,13,3,2
503,Matt Ryan,NOP,19,68,28,10,31,32.3,6,19,31.6,2,2,8,3,2,0
506,Spencer Jones,DEN,20,125,26,11,34,32.4,1,17,5.9,3,3,17,5,5,5
507,Jazian Gortman,DAL,16,57,24,9,23,39.1,4,11,36.4,2,4,5,6,2,1
507,N'Faly Dante,HOU,4,51,24,10,13,76.9,0,0,0,4,5,21,2,1,5
507,Vlatko Cancar,DEN,13,136,24,10,26,38.5,4,15,26.7,0,0,32,9,3,2
510,Jacob Toppin,ATL,17,75,23,9,22,40.9,5,10,50,0,0,15,6,2,0
510,Jae Crowder,SAC,9,103,23,7,22,31.8,4,15,26.7,5,6,20,6,3,0
510,Mason Jones,SAC,10,45,23,9,18,50,1,8,12.5,4,5,9,11,0,1
513,Jackson Rowe,GSW,6,52,22,8,17,47.1,3,10,30,3,6,11,4,4,0
514,E.J. Liddell,CHI,12,53,21,8,15,53.3,3,10,30,2,2,9,3,1,1
515,Leonard Miller,MIN,13,32,20,6,15,40,0,5,0,8,8,11,0,2,1
516,Cam Christie,LAC,13,59,18,7,24,29.2,2,13,15.4,2,4,12,6,5,1
516,Justin Minaya,POR,19,101,18,8,21,38.1,2,10,20,0,2,10,7,6,1
518,Jamaree Bouyea,MIL,5,62,17,6,12,50,1,5,20,4,6,5,10,4,2
519,David Duke Jr.,SAS,6,34,16,6,14,42.9,3,6,50,1,2,5,4,1,0
519,Malachi Flynn,SAS,4,44,16,5,13,38.5,1,4,25,5,6,7,7,3,0
521,Bobi Klintman,DET,8,42,15,6,10,60,2,5,40,1,2,7,7,2,1
521,Joe Ingles,MIN,19,114,15,6,23,26.1,3,15,20,0,0,11,23,2,0
521,Stanley Umude,MIL,22,86,15,5,26,19.2,3,15,20,2,4,17,4,3,6
524,Armel Traore,LAL,9,67,14,6,19,31.6,0,7,0,2,7,15,1,4,2
524,Jack McVeigh,HOU,9,43,14,5,17,29.4,4,13,30.8,0,0,5,1,0,2
524,Taylor Hendricks,UTA,3,75,14,4,18,22.2,3,12,25,3,4,15,2,5,4
524,Tolu Smith,DET,1,22,14,6,9,66.7,0,0,0,2,3,8,0,0,0
528,Bryce McGowens,POR,13,32,13,4,14,28.6,0,4,0,5,6,3,2,1,0
528,Isaiah Crawford,SAC,15,46,13,5,11,45.5,1,5,20,2,4,8,1,1,2
530,Luke Travers,CLE,12,88,12,5,20,25,0,9,0,2,2,20,8,1,1
531,Jahmir Young,CHI,6,30,11,4,5,80,1,2,50,2,2,3,6,0,0
531,Trentyn Flowers,LAC,6,27,11,4,11,36.4,0,2,0,3,3,4,0,0,0
533,Emanuel Miller,CHI,6,25,10,4,8,50,0,1,0,2,2,8,2,1,0
534,Jalen Bridges,PHX,8,30,9,2,7,28.6,2,7,28.6,3,4,4,0,0,0
534,Liam Robbins,MIL,13,57,9,2,8,25,0,2,0,5,10,12,2,2,2
534,P.J. Tucker,NYK,3,58,9,3,7,42.9,3,6,50,0,0,8,0,1,1
537,Adama Sanogo,CHI,4,22,8,4,7,57.1,0,0,0,0,0,6,1,0,0
537,Anton Watson,NYK,9,22,8,4,9,44.4,0,1,0,0,0,3,2,1,0
537,James Johnson,IND,12,37,8,4,11,36.4,0,3,0,0,1,6,4,0,2
537,Phillip Wheeler,PHI,5,44,8,3,21,14.3,0,10,0,2,2,8,2,1,2
541,Daniss Jenkins,DET,7,23,7,3,10,30,1,7,14.3,0,2,2,3,0,0
541,Miles Norris,BOS,3,35,7,2,9,22.2,2,7,28.6,1,2,9,0,2,1
541,PJ Dozier,MIN,9,35,7,2,3,66.7,2,3,66.7,1,6,5,5,1,0
544,Isaiah Mobley,PHI,1,17,6,2,7,28.6,1,3,33.3,1,2,4,5,1,1
544,James Wiseman,IND,1,5,6,2,4,50,0,1,0,2,2,1,0,0,0
544,Kevin McCullar Jr.,NYK,4,29,6,2,7,28.6,0,1,0,2,2,8,2,1,1
544,Taze Moore,POR,2,20,6,2,10,20,1,4,25,1,2,8,1,2,0
548,Alondes Williams,LAC,1,4,5,2,2,100,1,1,100,0,0,0,1,0,0
548,Skal Labissiere,SAC,4,12,5,2,4,50,1,1,100,0,0,3,1,0,0
548,Ulrich Chomche,TOR,7,32,5,2,5,40,0,0,0,1,2,8,2,0,1
551,Harrison Ingram,SAS,5,35,4,2,4,50,0,1,0,0,0,9,3,3,0
551,Ron Harper Jr.,DET,1,17,4,1,8,12.5,0,6,0,2,2,7,2,0,0
553,Braxton Key,GSW,3,11,3,0,4,0,0,1,0,3,6,2,0,2,0
553,Cui Cui,BKN,5,10,3,1,7,14.3,0,3,0,1,2,2,0,0,0
553,D.J. Carton,TOR,4,33,3,1,7,14.3,0,3,0,1,1,4,3,2,0
553,Quincy Olivari,LAL,2,10,3,1,5,20,1,5,20,0,0,0,1,0,0
553,Tristen Newton,MIN,8,16,3,1,8,12.5,0,3,0,1,1,4,2,1,0
558,Malevy Leons,OKC,6,21,2,0,2,0,0,1,0,2,4,3,1,0,0
558,Yuri Collins,GSW,2,16,2,1,3,33.3,0,0,0,0,0,3,4,2,0
560,Daishen Nix,MIN,3,13,1,0,1,0,0,1,0,1,2,4,3,0,0
561,Isaiah Stevens,MIA,3,6,0,0,2,0,0,1,0,0,0,2,0,1,0
561,Jahlil Okafor,IND,1,3,0,0,0,0,0,0,0,0,0,1,1,0,0
561,Jalen McDaniels,SAC,4,7,0,0,0,0,0,0,0,0,0,0,1,1,0
561,Jesse Edwards,MIN,2,5,0,0,0,0,0,0,0,0,0,0,1,0,0
561,Mac McClung,ORL,2,10,0,0,2,0,0,1,0,0,0,1,3,0,0
561,Riley Minix,SAS,1,7,0,0,1,0,0,1,0,0,0,2,0,0,0
561,Terence Davis,SAC,1,8,0,0,2,0,0,1,0,0,0,1,1,0,0
561,Terry Taylor,SAC,3,6,0,0,1,0,0,0,0,0,0,1,2,0,0
561,Zyon Pullin,MEM,3,3,0,0,1,0,0,0,0,0,0,0,0,0,0
